SOC [-],OCV [V]
0.000689,2.998699076862745
0.001508,3.0102790768627448
0.002326,3.021219076862745
0.003141,3.031509076862745
0.003959,3.041809076862745
0.004773,3.051459076862745
0.005587,3.060459076862745
0.006402,3.069469076862745
0.007216,3.078479076862745
0.008034,3.086839076862745
0.008848,3.095209076862745
0.009662,3.102929076862745
0.010476,3.110649076862745
0.011295,3.118369076862745
0.012109,3.125439076862745
0.012928,3.132519076862745
0.013742,3.138949076862745
0.014561,3.146029076862745
0.015379,3.152459076862745
0.016193,3.158249076862745
0.017007,3.164689076862745
0.017826,3.170479076862745
0.01864,3.176269076862745
0.019454,3.182059076862745
0.020273,3.187209076862745
0.021087,3.192349076862745
0.021906,3.196859076862745
0.02272,3.201999076862745
0.023534,3.206509076862745
0.024348,3.211009076862745
0.025162,3.214869076862745
0.025981,3.218729076862745
0.0268,3.223229076862745
0.027618,3.2264490768627447
0.028437,3.229669076862745
0.029256,3.233529076862745
0.030074,3.236099076862745
0.030888,3.239319076862745
0.031707,3.242539076862745
0.032521,3.245109076862745
0.03334,3.247679076862745
0.034159,3.249609076862745
0.034977,3.252189076862745
0.035791,3.254759076862745
0.03661,3.256689076862745
0.037429,3.258619076862745
0.038247,3.2605490768627448
0.039066,3.263119076862745
0.03988,3.265049076862745
0.040694,3.266339076862745
0.041508,3.268269076862745
0.042322,3.270199076862745
0.043141,3.272129076862745
0.043955,3.273419076862745
0.044769,3.275349076862745
0.045588,3.276629076862745
0.046407,3.278559076862745
0.047225,3.279849076862745
0.048044,3.281139076862745
0.048863,3.282419076862745
0.049682,3.284349076862745
0.050495,3.285639076862745
0.051314,3.286929076862745
0.052133,3.2882090768627448
0.052947,3.289499076862745
0.053761,3.290789076862745
0.054575,3.2920690768627447
0.055394,3.2933590768627448
0.056213,3.294009076862745
0.057031,3.295289076862745
0.05785,3.296579076862745
0.058669,3.297869076862745
0.059483,3.299149076862745
0.060297,3.300439076862745
0.061115,3.301079076862745
0.06193,3.3023690768627447
0.062748,3.3036590768627447
0.063567,3.304299076862745
0.064386,3.305589076862745
0.0652,3.306869076862745
0.066014,3.307519076862745
0.066832,3.308799076862745
0.067651,3.309449076862745
0.06847,3.310729076862745
0.069289,3.311379076862745
0.070103,3.312659076862745
0.070917,3.313949076862745
0.071731,3.314589076862745
0.072545,3.315879076862745
0.073359,3.316519076862745
0.074178,3.317809076862745
0.074996,3.318449076862745
0.07581,3.319739076862745
0.076629,3.320379076862745
0.077448,3.321669076862745
0.078262,3.322309076862745
0.079081,3.323599076862745
0.079899,3.324239076862745
0.080713,3.325529076862745
0.081532,3.3261690768627448
0.082351,3.327459076862745
0.083165,3.328099076862745
0.083983,3.328749076862745
0.084802,3.3300290768627447
0.085616,3.330679076862745
0.08643,3.331959076862745
0.087249,3.3326090768627448
0.088068,3.333889076862745
0.088886,3.334539076862745
0.089705,3.335819076862745
0.090519,3.337109076862745
0.091333,3.337749076862745
0.092147,3.338399076862745
0.092961,3.339679076862745
0.09378,3.340329076862745
0.094594,3.341609076862745
0.095413,3.342259076862745
0.096227,3.343539076862745
0.097046,3.344829076862745
0.097864,3.346119076862745
0.098678,3.347399076862745
0.099493,3.348049076862745
0.100311,3.349329076862745
0.101125,3.350619076862745
0.101944,3.351909076862745
0.102758,3.352549076862745
0.103577,3.354479076862745
0.104395,3.355769076862745
0.105209,3.357049076862745
0.106028,3.358339076862745
0.106842,3.359629076862745
0.107656,3.360919076862745
0.10847,3.361559076862745
0.109289,3.362849076862745
0.110108,3.3641290768627448
0.110927,3.366059076862745
0.111745,3.366709076862745
0.112559,3.3679890768627447
0.113373,3.3692790768627447
0.114187,3.3705690768627448
0.115006,3.371849076862745
0.115825,3.3731390768627447
0.116643,3.3744290768627447
0.117462,3.375709076862745
0.118276,3.376999076862745
0.119095,3.377639076862745
0.119909,3.378929076862745
0.120728,3.380219076862745
0.121542,3.381499076862745
0.122356,3.382789076862745
0.123175,3.383429076862745
0.123993,3.384719076862745
0.124807,3.386009076862745
0.125626,3.387289076862745
0.126445,3.388579076862745
0.127259,3.389219076862745
0.128078,3.390509076862745
0.128892,3.391799076862745
0.12971,3.393079076862745
0.130529,3.393729076862745
0.131348,3.395009076862745
0.132162,3.396299076862745
0.13298,3.397589076862745
0.133794,3.398869076862745
0.134613,3.399519076862745
0.135432,3.4007990768627447
0.136251,3.4020890768627448
0.137069,3.402729076862745
0.137883,3.404019076862745
0.138702,3.405309076862745
0.139521,3.406589076862745
0.140335,3.407879076862745
0.141154,3.409169076862745
0.141968,3.409809076862745
0.142782,3.411099076862745
0.1436,3.412379076862745
0.144414,3.413029076862745
0.145229,3.414309076862745
0.146047,3.415599076862745
0.146861,3.416239076862745
0.147675,3.417529076862745
0.148489,3.418819076862745
0.149303,3.419459076862745
0.150122,3.420749076862745
0.150936,3.422029076862745
0.15175,3.422679076862745
0.152565,3.423959076862745
0.153383,3.424609076862745
0.154202,3.425249076862745
0.155016,3.426539076862745
0.15583,3.427829076862745
0.156644,3.428469076862745
0.157458,3.429759076862745
0.158277,3.430399076862745
0.159091,3.431689076862745
0.159905,3.432329076862745
0.160724,3.433619076862745
0.161538,3.434259076862745
0.162356,3.4348990768627448
0.16317,3.4361890768627448
0.163985,3.436829076862745
0.164803,3.438119076862745
0.165617,3.4387590768627447
0.166431,3.439409076862745
0.167245,3.440689076862745
0.16806,3.4413390768627448
0.168874,3.442619076862745
0.169688,3.443269076862745
0.170506,3.4439090768627447
0.171325,3.4451990768627447
0.172144,3.445839076862745
0.172958,3.446479076862745
0.173772,3.447769076862745
0.174591,3.448409076862745
0.175405,3.449059076862745
0.176223,3.450339076862745
0.177038,3.450989076862745
0.177856,3.451629076862745
0.178675,3.452919076862745
0.179494,3.453559076862745
0.180312,3.454199076862745
0.181131,3.454849076862745
0.181945,3.456129076862745
0.182759,3.456779076862745
0.183578,3.458059076862745
0.184392,3.458709076862745
0.185211,3.459349076862745
0.186029,3.460639076862745
0.186848,3.461279076862745
0.187667,3.461919076862745
0.188481,3.463209076862745
0.189299,3.463849076862745
0.190118,3.465139076862745
0.190932,3.465779076862745
0.191751,3.466429076862745
0.19257,3.4677090768627448
0.193384,3.468359076862745
0.194202,3.468999076862745
0.195021,3.470289076862745
0.195835,3.470929076862745
0.196654,3.4715690768627447
0.197473,3.472219076862745
0.198291,3.473499076862745
0.19911,3.4741490768627448
0.199929,3.474789076862745
0.200747,3.476079076862745
0.201566,3.4767190768627447
0.20238,3.477359076862745
0.203194,3.478649076862745
0.204013,3.479289076862745
0.204827,3.479939076862745
0.205641,3.481219076862745
0.206455,3.481869076862745
0.207274,3.482509076862745
0.208092,3.483799076862745
0.208907,3.484439076862745
0.209721,3.485079076862745
0.210535,3.485729076862745
0.211353,3.486369076862745
0.212167,3.487659076862745
0.212982,3.488299076862745
0.213796,3.488939076862745
0.214614,3.490229076862745
0.215428,3.490869076862745
0.216247,3.491519076862745
0.217061,3.492159076862745
0.217875,3.492809076862745
0.218694,3.494089076862745
0.219513,3.494739076862745
0.220327,3.495379076862745
0.221141,3.496019076862745
0.22196,3.496669076862745
0.222773,3.497309076862745
0.223588,3.497949076862745
0.224406,3.499239076862745
0.22522,3.499879076862745
0.226039,3.500529076862745
0.226858,3.501169076862745
0.227672,3.501809076862745
0.228491,3.502459076862745
0.229305,3.503099076862745
0.230123,3.504389076862745
0.230942,3.505029076862745
0.231761,3.5056690768627448
0.232575,3.506319076862745
0.233393,3.5069590768627448
0.234212,3.507599076862745
0.235031,3.508249076862745
0.235845,3.508889076862745
0.236659,3.5095290768627447
0.237473,3.510179076862745
0.238292,3.5108190768627447
0.239111,3.511459076862745
0.239929,3.5121090768627448
0.240748,3.512749076862745
0.241567,3.513389076862745
0.242385,3.514039076862745
0.243199,3.5146790768627447
0.244018,3.515319076862745
0.244832,3.5159690768627447
0.245651,3.516609076862745
0.246465,3.517249076862745
0.247279,3.517899076862745
0.248098,3.518539076862745
0.248916,3.519179076862745
0.249735,3.519829076862745
0.250549,3.520469076862745
0.251368,3.521109076862745
0.252187,3.521759076862745
0.253005,3.522399076862745
0.253819,3.523039076862745
0.254633,3.523689076862745
0.255447,3.524329076862745
0.256266,3.524969076862745
0.257085,3.525619076862745
0.257904,3.525619076862745
0.258722,3.526259076862745
0.259536,3.526899076862745
0.260355,3.527549076862745
0.261169,3.528189076862745
0.261983,3.528829076862745
0.262802,3.529479076862745
0.263616,3.530119076862745
0.26443,3.530759076862745
0.265244,3.530759076862745
0.266063,3.531409076862745
0.266881,3.532049076862745
0.2677,3.532689076862745
0.268514,3.533339076862745
0.269328,3.533979076862745
0.270142,3.534619076862745
0.270956,3.535269076862745
0.271771,3.535909076862745
0.272585,3.535909076862745
0.273403,3.536549076862745
0.274217,3.537199076862745
0.275036,3.537839076862745
0.27585,3.537839076862745
0.276664,3.5384790768627448
0.277478,3.539129076862745
0.278297,3.539769076862745
0.279111,3.540409076862745
0.279925,3.541059076862745
0.280739,3.541059076862745
0.281558,3.541699076862745
0.282372,3.5423390768627447
0.283186,3.542989076862745
0.284,3.5436290768627448
0.284814,3.5436290768627448
0.285633,3.544269076862745
0.286447,3.5449190768627448
0.287266,3.545559076862745
0.288084,3.546199076862745
0.288903,3.546849076862745
0.289722,3.546849076862745
0.290536,3.5474890768627447
0.291355,3.548129076862745
0.292168,3.548129076862745
0.292983,3.5487790768627447
0.293797,3.549419076862745
0.294615,3.550059076862745
0.295429,3.550709076862745
0.296248,3.551349076862745
0.297062,3.551349076862745
0.297881,3.551989076862745
0.2987,3.552639076862745
0.299514,3.553279076862745
0.300328,3.553919076862745
0.301142,3.553919076862745
0.301961,3.554569076862745
0.302775,3.554569076862745
0.303589,3.555209076862745
0.304408,3.555849076862745
0.305226,3.556499076862745
0.30604,3.557139076862745
0.306854,3.557139076862745
0.307673,3.557779076862745
0.308487,3.558429076862745
0.309306,3.558429076862745
0.310125,3.559069076862745
0.310938,3.559719076862745
0.311757,3.560359076862745
0.312576,3.560359076862745
0.31339,3.560999076862745
0.314209,3.561649076862745
0.315023,3.561649076862745
0.315837,3.562289076862745
0.316655,3.562929076862745
0.317474,3.563579076862745
0.318293,3.564219076862745
0.319107,3.564219076862745
0.319921,3.564859076862745
0.32074,3.565509076862745
0.321558,3.565509076862745
0.322377,3.566149076862745
0.323191,3.566789076862745
0.324005,3.566789076862745
0.324819,3.567439076862745
0.325633,3.568079076862745
0.326452,3.568079076862745
0.327271,3.568719076862745
0.32809,3.569369076862745
0.328908,3.569369076862745
0.329722,3.570009076862745
0.330541,3.570649076862745
0.331355,3.571299076862745
0.332174,3.571939076862745
0.332992,3.571939076862745
0.333811,3.572579076862745
0.33463,3.573229076862745
0.335448,3.573869076862745
0.336263,3.573869076862745
0.337081,3.574509076862745
0.3379,3.575159076862745
0.338714,3.575159076862745
0.339533,3.575799076862745
0.340352,3.5764390768627448
0.34117,3.5764390768627448
0.341989,3.577089076862745
0.342808,3.5777290768627448
0.343626,3.5777290768627448
0.344445,3.578369076862745
0.345259,3.578369076862745
0.346073,3.579019076862745
0.346887,3.579659076862745
0.347706,3.5802990768627447
0.34852,3.5802990768627447
0.349334,3.580949076862745
0.350153,3.5815890768627447
0.350971,3.582229076862745
0.351785,3.582229076862745
0.352604,3.5828790768627448
0.353418,3.583519076862745
0.354237,3.584159076862745
0.355051,3.584159076862745
0.35587,3.584809076862745
0.356684,3.584809076862745
0.357498,3.585449076862745
0.358312,3.586089076862745
0.359131,3.5867390768627447
0.359945,3.5867390768627447
0.360759,3.587379076862745
0.361573,3.588019076862745
0.362387,3.588019076862745
0.363201,3.588669076862745
0.364015,3.588669076862745
0.364829,3.589309076862745
0.365643,3.589949076862745
0.366462,3.590599076862745
0.367281,3.590599076862745
0.368095,3.591239076862745
0.368909,3.591879076862745
0.369727,3.592529076862745
0.370546,3.592529076862745
0.37136,3.593169076862745
0.372179,3.593809076862745
0.372993,3.593809076862745
0.373812,3.594459076862745
0.37463,3.595099076862745
0.375445,3.595099076862745
0.376259,3.595739076862745
0.377073,3.596389076862745
0.377887,3.597029076862745
0.378705,3.597029076862745
0.379524,3.597669076862745
0.380338,3.598319076862745
0.381157,3.598319076862745
0.381971,3.598959076862745
0.38279,3.599599076862745
0.383604,3.599599076862745
0.384422,3.600249076862745
0.385236,3.600889076862745
0.386055,3.600889076862745
0.386869,3.601529076862745
0.387683,3.602179076862745
0.388502,3.602819076862745
0.389316,3.602819076862745
0.390135,3.603459076862745
0.390954,3.604109076862745
0.391767,3.604749076862745
0.392582,3.604749076862745
0.393396,3.605389076862745
0.39421,3.606039076862745
0.395028,3.606039076862745
0.395847,3.606679076862745
0.396661,3.607319076862745
0.39748,3.607319076862745
0.398294,3.607969076862745
0.399113,3.608609076862745
0.399932,3.608609076862745
0.40075,3.6092490768627448
0.401564,3.609899076862745
0.402383,3.609899076862745
0.403202,3.610539076862745
0.404016,3.611179076862745
0.404834,3.611829076862745
0.405648,3.611829076862745
0.406467,3.612469076862745
0.407281,3.6131090768627447
0.4081,3.613759076862745
0.408919,3.613759076862745
0.409733,3.6143990768627448
0.410551,3.615039076862745
0.41137,3.6156890768627448
0.412189,3.6156890768627448
0.413007,3.616329076862745
0.413822,3.616969076862745
0.414636,3.617619076862745
0.41545,3.617619076862745
0.416264,3.6182590768627447
0.417082,3.618899076862745
0.417897,3.618899076862745
0.418715,3.6195490768627447
0.419529,3.620189076862745
0.420348,3.620189076862745
0.421167,3.620829076862745
0.421981,3.621479076862745
0.4228,3.622119076862745
0.423614,3.622759076862745
0.424432,3.622759076862745
0.425251,3.623409076862745
0.426065,3.624049076862745
0.426879,3.624689076862745
0.427698,3.624689076862745
0.428512,3.625339076862745
0.429331,3.625979076862745
0.430145,3.625979076862745
0.430963,3.626629076862745
0.431782,3.627269076862745
0.432601,3.627909076862745
0.433419,3.628559076862745
0.434238,3.629199076862745
0.435052,3.629199076862745
0.435866,3.629839076862745
0.43668,3.630489076862745
0.437494,3.631129076862745
0.438313,3.631129076862745
0.439132,3.631769076862745
0.43995,3.632419076862745
0.440769,3.633059076862745
0.441583,3.633699076862745
0.442397,3.633699076862745
0.443216,3.634349076862745
0.44403,3.634989076862745
0.444844,3.635629076862745
0.445658,3.636279076862745
0.446472,3.636279076862745
0.447286,3.636919076862745
0.4481,3.637559076862745
0.448915,3.638209076862745
0.449733,3.638849076862745
0.450552,3.638849076862745
0.451366,3.639489076862745
0.452185,3.640139076862745
0.452999,3.640779076862745
0.453813,3.640779076862745
0.454632,3.641419076862745
0.45545,3.642069076862745
0.456269,3.642709076862745
0.457083,3.643349076862745
0.457897,3.643999076862745
0.458716,3.644639076862745
0.45953,3.645279076862745
0.460344,3.645279076862745
0.461163,3.645929076862745
0.461981,3.646569076862745
0.4628,3.6472090768627448
0.463614,3.647859076862745
0.464428,3.6484990768627448
0.465247,3.6484990768627448
0.466065,3.649139076862745
0.466884,3.649789076862745
0.467698,3.650429076862745
0.468517,3.6510690768627447
0.469336,3.6510690768627447
0.470154,3.651719076862745
0.470973,3.6523590768627447
0.471787,3.652999076862745
0.472606,3.6536490768627448
0.47342,3.654289076862745
0.474239,3.654929076862745
0.475057,3.655579076862745
0.475871,3.656219076862745
0.47669,3.656859076862745
0.477509,3.656859076862745
0.478327,3.6575090768627447
0.479142,3.658149076862745
0.47996,3.658789076862745
0.480774,3.659439076862745
0.481593,3.660079076862745
0.482412,3.660719076862745
0.483226,3.660719076862745
0.484044,3.661369076862745
0.484858,3.662009076862745
0.485673,3.663299076862745
0.486487,3.663939076862745
0.487301,3.664579076862745
0.488119,3.664579076862745
0.488938,3.665229076862745
0.489757,3.666509076862745
0.490571,3.666509076862745
0.49139,3.667159076862745
0.492204,3.667799076862745
0.493022,3.668439076862745
0.493841,3.669089076862745
0.494655,3.669729076862745
0.495474,3.670369076862745
0.496288,3.671019076862745
0.497102,3.671659076862745
0.497916,3.672299076862745
0.498735,3.672949076862745
0.499553,3.673589076862745
0.500372,3.674229076862745
0.501191,3.674879076862745
0.50201,3.675519076862745
0.502824,3.676159076862745
0.503642,3.676809076862745
0.504456,3.677449076862745
0.505271,3.678089076862745
0.506085,3.678739076862745
0.506899,3.679379076862745
0.507713,3.6800190768627448
0.508527,3.680669076862745
0.509345,3.681309076862745
0.51016,3.681949076862745
0.510978,3.682599076862745
0.511792,3.6838790768627447
0.512611,3.684529076862745
0.513425,3.6851690768627448
0.514239,3.685809076862745
0.515053,3.6864590768627448
0.515867,3.687099076862745
0.516681,3.687739076862745
0.5175,3.688389076862745
0.518319,3.689669076862745
0.519138,3.6903190768627447
0.519956,3.6903190768627447
0.52077,3.6916090768627448
0.521584,3.692249076862745
0.522398,3.692889076862745
0.523212,3.693539076862745
0.524031,3.694819076862745
0.52485,3.6954690768627447
0.525664,3.696109076862745
0.526478,3.696749076862745
0.527292,3.697399076862745
0.528106,3.698039076862745
0.52892,3.699329076862745
0.529734,3.699969076862745
0.530548,3.700609076862745
0.531367,3.701899076862745
0.532186,3.702539076862745
0.533,3.703189076862745
0.533814,3.704469076862745
0.534628,3.705119076862745
0.535447,3.705759076862745
0.536261,3.707049076862745
0.53708,3.707689076862745
0.537898,3.708329076862745
0.538712,3.709619076862745
0.539531,3.710259076862745
0.54035,3.710909076862745
0.541168,3.712189076862745
0.541982,3.712839076862745
0.542801,3.714119076862745
0.54362,3.714769076862745
0.544439,3.716049076862745
0.545253,3.716699076862745
0.546071,3.7179790768627448
0.546885,3.718629076862745
0.547699,3.719909076862745
0.548518,3.720559076862745
0.549332,3.7218390768627447
0.550151,3.722489076862745
0.550965,3.723769076862745
0.551784,3.7244190768627448
0.552598,3.725699076862745
0.553416,3.726349076862745
0.554235,3.727629076862745
0.555054,3.728919076862745
0.555873,3.729559076862745
0.556687,3.730849076862745
0.557501,3.731489076862745
0.558319,3.732779076862745
0.559133,3.733419076862745
0.559952,3.734709076862745
0.560771,3.735349076862745
0.56159,3.736639076862745
0.562404,3.737279076862745
0.563218,3.738569076862745
0.564032,3.739209076862745
0.56485,3.740499076862745
0.565664,3.741139076862745
0.566483,3.742429076862745
0.567297,3.743069076862745
0.568116,3.744359076862745
0.568935,3.744999076862745
0.569749,3.746289076862745
0.570563,3.746929076862745
0.571377,3.748219076862745
0.572191,3.748859076862745
0.57301,3.750149076862745
0.573828,3.7507890768627448
0.574642,3.7520790768627448
0.575457,3.752719076862745
0.576275,3.753369076862745
0.577094,3.7546490768627447
0.577908,3.755299076862745
0.578727,3.756579076862745
0.579545,3.7572290768627448
0.580364,3.758519076862745
0.581178,3.759159076862745
0.581992,3.7597990768627447
0.582811,3.760449076862745
0.583625,3.761729076862745
0.584444,3.7623790768627448
0.585262,3.763019076862745
0.586076,3.764309076862745
0.58689,3.764949076862745
0.587709,3.7662390768627447
0.588528,3.766879076862745
0.589347,3.767519076862745
0.590165,3.768809076862745
0.590984,3.769449076862745
0.591798,3.770099076862745
0.592612,3.770739076862745
0.593426,3.772029076862745
0.59424,3.772669076862745
0.595054,3.773309076862745
0.595873,3.773959076862745
0.596687,3.775239076862745
0.597501,3.775889076862745
0.598315,3.776529076862745
0.599134,3.777819076862745
0.599948,3.778459076862745
0.600767,3.779099076862745
0.601586,3.780389076862745
0.602404,3.781029076862745
0.603218,3.781679076862745
0.604037,3.782319076862745
0.604851,3.782959076862745
0.605665,3.783609076862745
0.606484,3.784249076862745
0.607298,3.785539076862745
0.608112,3.786179076862745
0.608931,3.786819076862745
0.609749,3.788109076862745
0.610563,3.7887490768627448
0.611377,3.789399076862745
0.612196,3.790679076862745
0.61301,3.791329076862745
0.613824,3.791969076862745
0.614638,3.7926090768627447
0.615453,3.793259076862745
0.616266,3.7938990768627447
0.617085,3.794539076862745
0.617904,3.795829076862745
0.618718,3.796469076862745
0.619537,3.797119076862745
0.620355,3.797759076862745
0.621169,3.7990490768627447
0.621988,3.799689076862745
0.622807,3.800329076862745
0.623626,3.800979076862745
0.624444,3.801619076862745
0.625263,3.802259076862745
0.626077,3.802909076862745
0.626896,3.804189076862745
0.627714,3.804839076862745
0.628528,3.805479076862745
0.629347,3.806119076862745
0.630166,3.806769076862745
0.630984,3.807409076862745
0.631799,3.808699076862745
0.632613,3.809339076862745
0.633431,3.809979076862745
0.634246,3.810629076862745
0.635064,3.811269076862745
0.635883,3.811909076862745
0.636697,3.813199076862745
0.637511,3.813839076862745
0.63833,3.814489076862745
0.639148,3.815129076862745
0.639962,3.815769076862745
0.640781,3.816419076862745
0.6416,3.817059076862745
0.642419,3.817699076862745
0.643237,3.818349076862745
0.644051,3.818989076862745
0.64487,3.820279076862745
0.645689,3.820919076862745
0.646507,3.8215590768627448
0.647322,3.822209076862745
0.64814,3.8228490768627448
0.648959,3.823489076862745
0.649778,3.824139076862745
0.650592,3.824779076862745
0.651406,3.825429076862745
0.65222,3.826069076862745
0.653039,3.827359076862745
0.653857,3.8279990768627448
0.654671,3.828639076862745
0.65549,3.829289076862745
0.656309,3.829929076862745
0.657127,3.8305690768627447
0.657946,3.831219076862745
0.658765,3.8318590768627447
0.659579,3.8331490768627448
0.660398,3.833789076862745
0.661212,3.834429076862745
0.66203,3.835079076862745
0.662849,3.835719076862745
0.663668,3.836359076862745
0.664486,3.8370090768627447
0.665305,3.837649076862745
0.666124,3.838289076862745
0.666938,3.838939076862745
0.667756,3.839579076862745
0.668571,3.840869076862745
0.669385,3.841509076862745
0.670199,3.842149076862745
0.671013,3.842799076862745
0.671832,3.843439076862745
0.67265,3.844079076862745
0.673469,3.844729076862745
0.674288,3.845369076862745
0.675102,3.846009076862745
0.675916,3.846659076862745
0.67673,3.847299076862745
0.677544,3.847939076862745
0.678363,3.849229076862745
0.679181,3.849229076862745
0.679995,3.849869076862745
0.680809,3.851159076862745
0.681628,3.851799076862745
0.682447,3.852449076862745
0.683266,3.853089076862745
0.684084,3.853729076862745
0.684898,3.854379076862745
0.685717,3.855019076862745
0.686536,3.855659076862745
0.68735,3.856309076862745
0.688164,3.856949076862745
0.688978,3.857589076862745
0.689792,3.858239076862745
0.690606,3.858879076862745
0.69142,3.8595190768627448
0.692234,3.860169076862745
0.693048,3.8608090768627448
0.693867,3.861449076862745
0.694686,3.862099076862745
0.6955,3.862739076862745
0.696314,3.8633790768627447
0.697133,3.864029076862745
0.697947,3.8646690768627447
0.698765,3.865309076862745
0.699579,3.8659590768627448
0.700393,3.866599076862745
0.701208,3.867239076862745
0.702022,3.867889076862745
0.702836,3.868529076862745
0.703654,3.869169076862745
0.704473,3.8698190768627447
0.705292,3.870459076862745
0.70611,3.871099076862745
0.706925,3.871749076862745
0.707739,3.872389076862745
0.708553,3.873029076862745
0.709371,3.873679076862745
0.71019,3.874319076862745
0.711004,3.874959076862745
0.711818,3.875609076862745
0.712637,3.876249076862745
0.713451,3.876889076862745
0.71427,3.877539076862745
0.715088,3.878179076862745
0.715907,3.878819076862745
0.716721,3.879469076862745
0.717535,3.880749076862745
0.718354,3.881399076862745
0.719173,3.882039076862745
0.719991,3.882679076862745
0.72081,3.883329076862745
0.721624,3.883969076862745
0.722438,3.884609076862745
0.723252,3.885259076862745
0.724071,3.885899076862745
0.72489,3.886539076862745
0.725704,3.887189076862745
0.726522,3.887829076862745
0.727336,3.887829076862745
0.728151,3.889119076862745
0.728969,3.889759076862745
0.729783,3.890399076862745
0.730602,3.891049076862745
0.731421,3.891689076862745
0.732235,3.892339076862745
0.733054,3.892979076862745
0.733868,3.8936190768627448
0.734686,3.894269076862745
0.7355,3.894909076862745
0.736319,3.895549076862745
0.737138,3.896199076862745
0.737952,3.896839076862745
0.73877,3.8974790768627448
0.739585,3.898129076862745
0.740403,3.8987690768627448
0.741222,3.899409076862745
0.742041,3.900059076862745
0.742855,3.900699076862745
0.743669,3.9013390768627447
0.744483,3.901989076862745
0.745297,3.9026290768627447
0.746111,3.903269076862745
0.746925,3.9039190768627448
0.747744,3.904559076862745
0.748558,3.905199076862745
0.749377,3.906489076862745
0.750191,3.906489076862745
0.751005,3.907129076862745
0.751823,3.9077790768627447
0.752637,3.908419076862745
0.753456,3.909709076862745
0.754275,3.910349076862745
0.755094,3.910989076862745
0.755912,3.911639076862745
0.756731,3.912279076862745
0.75755,3.912919076862745
0.758364,3.913569076862745
0.759178,3.914209076862745
0.759992,3.914849076862745
0.760806,3.916139076862745
0.76162,3.916779076862745
0.762439,3.917429076862745
0.763253,3.918069076862745
0.764067,3.918709076862745
0.764881,3.919359076862745
0.765695,3.919999076862745
0.766514,3.920639076862745
0.767328,3.921289076862745
0.768146,3.922569076862745
0.768965,3.923219076862745
0.769779,3.923859076862745
0.770598,3.924499076862745
0.771417,3.925149076862745
0.772235,3.925789076862745
0.773049,3.926429076862745
0.773864,3.927079076862745
0.774682,3.927719076862745
0.775501,3.928359076862745
0.776315,3.929009076862745
0.777129,3.9302890768627448
0.777943,3.930939076862745
0.778757,3.9315790768627448
0.779576,3.932219076862745
0.780395,3.933509076862745
0.781209,3.9341490768627447
0.782023,3.934799076862745
0.782841,3.9354390768627447
0.783655,3.936079076862745
0.784474,3.937369076862745
0.785288,3.938009076862745
0.786107,3.938659076862745
0.786921,3.939299076862745
0.78774,3.939939076862745
0.788558,3.941229076862745
0.789377,3.941869076862745
0.790196,3.942519076862745
0.791015,3.943159076862745
0.791833,3.944449076862745
0.792647,3.945089076862745
0.793466,3.945729076862745
0.79428,3.946379076862745
0.795094,3.947659076862745
0.795913,3.948309076862745
0.796732,3.948949076862745
0.79755,3.949589076862745
0.798369,3.950239076862745
0.799183,3.951519076862745
0.799997,3.952169076862745
0.800816,3.952809076862745
0.801634,3.953449076862745
0.802453,3.954739076862745
0.803267,3.955379076862745
0.804081,3.956029076862745
0.804895,3.957319076862745
0.805709,3.957959076862745
0.806523,3.958599076862745
0.807342,3.959249076862745
0.808156,3.960529076862745
0.80897,3.961179076862745
0.809789,3.962459076862745
0.810603,3.963109076862745
0.811417,3.963749076862745
0.812236,3.965039076862745
0.81305,3.965679076862745
0.813864,3.966319076862745
0.814678,3.967609076862745
0.815492,3.9682490768627448
0.816306,3.968899076862745
0.81712,3.9695390768627448
0.817934,3.9708290768627448
0.818748,3.971469076862745
0.819567,3.972759076862745
0.820386,3.9733990768627447
0.821205,3.9746890768627448
0.822019,3.975329076862745
0.822837,3.975969076862745
0.823651,3.977259076862745
0.824465,3.977899076862745
0.825284,3.9785490768627447
0.826103,3.979189076862745
0.826917,3.980479076862745
0.827731,3.981119076862745
0.828545,3.982409076862745
0.829359,3.983049076862745
0.830178,3.983689076862745
0.830997,3.984979076862745
0.831811,3.985619076862745
0.832625,3.986909076862745
0.833443,3.987549076862745
0.834262,3.988199076862745
0.835081,3.989479076862745
0.8359,3.990129076862745
0.836714,3.990769076862745
0.837528,3.992059076862745
0.838346,3.993339076862745
0.839165,3.993989076862745
0.839984,3.994629076862745
0.840802,3.995919076862745
0.841617,3.996559076862745
0.842431,3.997849076862745
0.843245,3.998489076862745
0.844059,3.999779076862745
0.844877,4.0004190768627454
0.845691,4.001059076862745
0.846506,4.002349076862745
0.84732,4.002989076862745
0.848134,4.004279076862745
0.848952,4.004919076862746
0.849771,4.006209076862746
0.85059,4.006849076862745
0.851409,4.007499076862746
0.852223,4.008779076862745
0.853037,4.009429076862745
0.853851,4.010069076862745
0.854665,4.011359076862745
0.855484,4.011999076862746
0.856298,4.013289076862746
0.857116,4.013929076862746
0.857935,4.015219076862746
0.858749,4.015859076862745
0.859563,4.017149076862745
0.860377,4.017789076862745
0.861191,4.018429076862746
0.862005,4.019719076862746
0.862824,4.0203590768627455
0.863643,4.021009076862746
0.864457,4.0216490768627455
0.865276,4.0229390768627455
0.86609,4.023579076862745
0.866908,4.024869076862745
0.867727,4.025509076862745
0.868546,4.026799076862745
0.869364,4.027439076862746
0.870179,4.028089076862745
0.870997,4.0293690768627455
0.871816,4.030019076862746
0.872635,4.0306590768627455
0.873449,4.031299076862745
0.874267,4.032589076862745
0.875086,4.033229076862745
0.875905,4.034519076862745
0.876719,4.035159076862746
0.877533,4.035809076862745
0.878347,4.037089076862745
0.879166,4.037739076862746
0.87998,4.038379076862745
0.880798,4.0396690768627455
0.881617,4.040309076862745
0.882436,4.040949076862745
0.88325,4.041599076862745
0.884068,4.042879076862746
0.884887,4.043529076862745
0.885706,4.044169076862746
0.886525,4.045459076862746
0.887343,4.046099076862745
0.888162,4.047389076862745
0.888976,4.048029076862745
0.889795,4.048669076862746
0.890609,4.049319076862745
0.891423,4.050599076862746
0.892242,4.051249076862746
0.893056,4.051889076862746
0.893874,4.052529076862745
0.894693,4.053179076862746
0.895512,4.054459076862745
0.89633,4.055109076862745
0.897149,4.055749076862745
0.897963,4.056389076862746
0.898777,4.057039076862745
0.899591,4.0583190768627455
0.900406,4.058969076862746
0.901224,4.0596090768627455
0.902043,4.060249076862745
0.902857,4.0608990768627455
0.903676,4.061539076862745
0.90449,4.062179076862745
0.905304,4.062829076862745
0.906122,4.063469076862745
0.906936,4.064759076862745
0.907751,4.065399076862746
0.908569,4.0660390768627455
0.909388,4.066689076862746
0.910202,4.0673290768627455
0.911021,4.067969076862745
0.911839,4.0686190768627455
0.912658,4.069259076862745
0.913477,4.069899076862745
0.914291,4.070549076862745
0.91511,4.071189076862745
0.915928,4.071829076862746
0.916742,4.072479076862745
0.917556,4.073119076862746
0.918375,4.073759076862745
0.919194,4.074409076862746
0.920013,4.075049076862745
0.920827,4.075689076862745
0.921641,4.076339076862745
0.922455,4.076979076862745
0.923269,4.077619076862746
0.924083,4.078269076862745
0.924897,4.078909076862745
0.925716,4.079549076862746
0.92653,4.080199076862745
0.927344,4.080839076862746
0.928158,4.081479076862745
0.928977,4.082129076862746
0.929795,4.082769076862745
0.930609,4.082769076862745
0.931428,4.083409076862745
0.932247,4.084059076862745
0.933061,4.084699076862745
0.933875,4.085989076862745
0.934689,4.086629076862746
0.935508,4.086629076862746
0.936322,4.0872690768627455
0.937136,4.087919076862746
0.93795,4.088559076862746
0.938769,4.089199076862745
0.939587,4.089849076862746
0.940401,4.090489076862745
0.94122,4.091139076862746
0.942039,4.091779076862745
0.942853,4.092419076862745
0.943667,4.093069076862745
0.944486,4.093709076862745
0.945304,4.094349076862746
0.946118,4.094999076862745
0.946937,4.095639076862746
0.947751,4.0962790768627455
0.94857,4.096929076862746
0.949384,4.0975690768627455
0.950198,4.0988590768627455
0.951012,4.099499076862745
0.951826,4.100139076862745
0.95264,4.100789076862745
0.953459,4.101429076862745
0.954273,4.102069076862746
0.955092,4.102719076862745
0.95591,4.103359076862746
0.956729,4.1039990768627455
0.957543,4.104649076862746
0.958357,4.105929076862745
0.959171,4.1065790768627455
0.959985,4.107219076862745
0.960804,4.108509076862745
0.961623,4.109149076862745
0.962442,4.109789076862746
0.96326,4.111079076862746
0.964074,4.111719076862745
0.964888,4.112369076862746
0.965707,4.113009076862745
0.966521,4.114299076862745
0.967335,4.114939076862745
0.968154,4.116229076862745
0.968973,4.116869076862745
0.969787,4.118159076862745
0.970601,4.118799076862746
0.971415,4.120089076862746
0.972229,4.120729076862745
0.973048,4.122019076862745
0.973866,4.123299076862746
0.97468,4.123949076862745
0.975494,4.1252290768627455
0.976309,4.125879076862746
0.977127,4.127159076862745
0.977946,4.128449076862745
0.978765,4.129739076862745
0.979583,4.131019076862746
0.980397,4.132309076862746
0.981216,4.133599076862746
0.982035,4.1342390768627455
0.982849,4.1355290768627455
0.983663,4.137459076862745
0.984482,4.138739076862746
0.9853,4.140029076862746
0.986119,4.141319076862746
0.986938,4.142599076862745
0.987756,4.144529076862745
0.988571,4.145819076862745
0.989385,4.147109076862745
0.990199,4.149039076862746
0.991017,4.150969076862745
0.991831,4.152249076862746
0.99265,4.154179076862746
0.993469,4.156109076862745
0.994283,4.158049076862746
0.995102,4.159979076862745
0.99592,4.161909076862745
0.996739,4.1644790768627455
0.997553,4.167049076862745
0.998372,4.169629076862745
0.999186,4.1734890768627455
